key,english,spanish,german,french,italian,russian,japanese,portuguese,chinese,korean
C1S1,"You will carry this girl through your\n\"almighty's\" madness no longer!!",,,,,,,,,
C1L1,"Darius, what if . . what if lord Vizio is just pretend? If he's not real?",,,,,,,,,
C1D1,"These fools still challenge Vizio's 
might. When will they learn?",,,,,,,,,
C1D2,"Lily! Repent before it's too late! 
If Vizio finds out you said that...",,,,,,,,,
C1D3,"If you harm even a hair on her 
head freak, I will- ",,,,,,,,,
C1D4,"Damn! It won't matter if I save
her from that Demon if Vizio finds
out about this.",,,,,,,,,